entã,então
debaix,debaixo
ansios,ansioso
negr,negra,negros,negro
espalh,espalhar
protest,protestar
próx,próximos
prefir,prefiro
submet,submeter
ergu,erguer
educ,educação
const,constar
transferenc,transferencia
aul,aulas,aula
igual,igualmente
list,lista
aut,auto
rotin,rotina
lord,lorde
segund,segunda,segundos,segundo
condiçã,condição
digit,digitais
casac,casaco
soluçã,solução
risc,risco,riscos
ident,identidade
delt,delta
govern,governo,governador,governar
heró,herói,heróis
lingu,lingua
ajust,ajustar
num,numa
bla,blair
pertenc,pertence,pertencer
cidadã,cidadãos,cidadão
encarreg,encarregar
amizad,amizade
verif,verifica
depo,depois
enta,entao
codig,codigo,codigos
correi,correio
direct,directo,directamente
galax,galaxia
chef,chefe
cheg,chegaste,chegou,chegamos,chegaram,chegarmos,chegarem,chegar,chegando,chegam,chegado,chegará,chego,chega,chegada,chegue,chegara,chegámos
truqu,truque,truques
assegur,assegurar
direca,direcao
miud,miudo,miudas,miudos,miuda
fech,fechados,fecha,feche,fechado,fechar,fechada
chei,cheio,cheios
fér,férias
carac,caraças,caracas
conduca,conducao
leccion,leccionar
abert,aberta,aberto,abertos
neg,negar
predi,predio
mergulh,mergulhar
alcanc,alcance,alcancar,alcançar
direcca,direccao
encaminh,encaminhar
propri,proprio,proprios,propriamente
nev,neve
cientist,cientista,cientistas
homenag,homenagear
med,media,medir,medida,medidas,medo
elimin,eliminar
hero,heroi,herois
condiçõ,condições
aparelh,aparelho
men,menos
mei,meios,meia,meias,meio
esquisit,esquisito
herd,herdar
met,metido,meteu,meter,meta,mete,meteste,metas
qualidad,qualidade
mes,meses,mesa
dorm,dormi,dorme,dormindo,dormir,dormiu
canet,caneta
remet,remeter
templ,templo
culp,culpa,culpado,culpar
mex,mexas,mexer,mexe,mexam,mexa
interpret,interpretar
rapaz,rapazes
sobremes,sobremesa
marinh,marinha
dificult,dificultar
nort,norte
cidada,cidadao,cidadaos
precis,precise,precisa,precisares,precisamente,preciso,precisam,precisamos,precisas,precisar,precisava
credit,credito
dív,dívida
permit,permitido,permite,permitir,permita
óle,óleo
jami,jamie
vigi,vigiar
bandeir,bandeira
acarret,acarretar
ameac,ameacar,ameaca,ameaçar,ameaça
cérebr,cérebro
pén,pénis
audiçã,audição
unic,unica,unico,unicos
unia,uniao
atitud,atitude
unid,unidos
furios,furioso
total,totalmente
decisa,decisao
andand,andando
emoco,emocoes
apag,apagar
emoca,emocao
gravat,gravata
calh,calhar
invasã,invasão
music,musica
calm,calmo,calma
estaçã,estação
telh,telhado
calc,calcas,calças
vaness,vanessa
receb,recebo,recebemos,recebi,recebe,recebido,receber,recebeu
relax,relaxar,relaxa,relaxe
relat,relatar
recei,receio
notic,noticias,noticiar,noticia
revoluca,revolucao
holm,holmes
adult,adultos,adulto
religiã,religião
palpit,palpite
conjunt,conjunto
prioridad,prioridade
remédi,remédio
demor,demora,demorar
padrã,padrão
caixã,caixão
númer,números,número
defes,defesa
secçã,secção
liçã,lição
uniã,união
assent,assentar
tenent,tenente
indic,indicar,indica
técnic,técnico,técnica
segred,segredo,segredos
arvor,arvores,arvore
gigant,gigante
bund,bunda
polic,policias,policia,policiais
hom,homer,homem
hoj,hoje
frent,frente
julgu,julguei
românt,romântico
custód,custódia
hor,hora,horas
colégi,colégio
fas,fase
polit,politica,politicos,politico
rebat,rebater
lan,lane,lana
crei,creio
lad,lado,lados
chines,chineses,chinesa
sustent,sustentar
florest,floresta
desfaz,desfazer
religia,religiao
mesm,mesmas,mesma,mesmo,mesmos
lat,lata
president,presidente
lav,lavar
aborrec,aborrecer,aborrecido
demonstr,demonstrar
orden,ordenar
domin,dominar
caixa,caixao
mã,mão,mãe,mães,mãos
vizinh,vizinhos,vizinho
amig,amigo,amigos,amigas,amiga
põ,põe
lou,louis
dispar,disparar,disparou,disparo
principi,principio
incorpor,incorporar
finaliz,finalizar
verd,verde
oper,operar,operações,operação
castel,castelo
entretant,entretanto
varr,varrer
consent,consentir
zer,zero
suspend,suspender
incid,incidir
fac,facas,faco,faças,faca,face,faço,facam,facamos,façam,faça,façamos
fortalec,fortalecer
vari,varios,variar
personag,personagem
difíc,difíceis
fit,fita,fitar
traged,tragedia
fiz,fizeram,fizermos,fizesse,fizeres,fizemos,fizeste,fizer
fix,fixar,fixe
fic,ficaste,ficaram,ficarem,ficarei,ficamos,ficares,ficarão,ficará,ficaria,ficam,ficar,ficas,ficara,ficou,ficava,ficaremos,ficando,ficado,ficasse,fica,fico,ficarmos
fig,figado
persist,persistir
estrangeir,estrangeiro
fil,fila
proporcion,proporcionar
anim,animar,animais
pesso,pessoa,pessoas,pessoais
band,banda,bandidos,bando
reconhec,reconhecer,reconhece,reconhecimento
lancament,lancamento
acrescent,acrescentar
banc,banco,bancos
patra,patrao
pegu,peguei,peguem
banh,banho,banhar
perda,perdao
duqu,duque
pontap,pontapé,pontape
hemorrag,hemorragia
tirotei,tiroteio
pagament,pagamento
obedec,obedecer
frequênc,frequência
aleg,alegar
igrej,igreja
sessa,sessao
espac,espaço,espaco
expuls,expulsar
espad,espada
concord,concordar,concordo
navi,navios,navio
resum,resumir
enorm,enormes,enorme
anális,análise
concorr,concorrer
combust,combustível
recepca,recepcao
proteg,proteger,protege
maneir,maneira,maneiras
reafirm,reafirmar
diant,diante
tanqu,tanque
depress,depressa
cinem,cinema
cumpriment,cumprimentar,cumprimentos
sang,sangue
plástic,plástico
content,contente
trafic,traficante
Holm,Holmes
decret,decretar
adapt,adaptar
goz,gozar
noçã,noção
entram,entramos
audienc,audiencia
entrad,entrada
vitór,vitória
entrar,entraram
pôd,pôde
afect,afectar
salã,salão
aceler,acelerar
patrã,patrão
necessári,necessário
regress,regresso,regressar
ostent,ostentar
confus,confuso
rang,ranger
evit,evitar
estã,estão
instruco,instrucoes
agradec,agradeco,agradeço,agradecer
atençã,atenção
necess,necessidade,necessidades
quantidad,quantidade
geraçã,geração
ambul,ambulância
plastic,plastico
fantast,fantastica,fantastico
comig,comigo
estáv,estávamos
carreg,carregar
armári,armário
top,topo
rond,rondar
perimetr,perimetro
tom,tomar,tomei,tomou,tomo,toma,tome
toc,tocar,tocou,toca
comissa,comissao
tod,todas,toda,todo,todos
impéri,império
febr,febre
mudanc,mudanca,mudanças,mudança,mudancas
cidad,cidades,cidade
éram,éramos
colecçã,colecção
abrig,abrigo,abrigar
devag,devagar
consert,consertar
conserv,conservar
paixã,paixão
responsabiliz,responsabilizar
geral,geralmente
vac,vaca
trem,tremer
enquant,enquanto
perig,perigosa,perigo,perigoso
primeir,primeiras,primeira,primeiro,primeiros
project,projecto,projectar
algum,algumas,alguma
brilh,brilhar
minut,minutos,minuto
tret,tretas,treta
trev,trevas
minh,minha,minhas
assemelh,assemelhar
cinquent,cinquenta
rab,rabo
esta,estao,estais
prisioneir,prisioneiro,prisioneiros
pudess,pudessemos
palaci,palacio
ram,ramo
efectu,efectuar
rai,raios,raio
identificaca,identificacao
brinqued,brinquedos,brinquedo
rat,rato,ratos
rar,raro
novidad,novidades,novidade
defront,defrontar
joelh,joelhos
ponder,ponderar
realc,realcar,realçar
caracteriz,caracterizar
lealdad,lealdade
desist,desistir
client,cliente,clientes
tev,teve
escrit,escrito,escrita
transmit,transmitir
estúp,estúpido,estúpidos,estúpida
comissã,comissão
doid,doida,doidos,doido
excit,excitante
frigoríf,frigorífico
cois,coisas,coisa
poderi,poderiamos
object,objectivo,objecto
nel,nele,neles,nela
vítim,vítimas,vítima
podera,poderao
restabelec,restabelecer
invej,inveja
glor,gloria
maric,maricas
ofic,oficiais
alarg,alargar
metad,metade
dol,dolares,dolar
episodi,episodio
retorn,retornar
professor,professora,professores
camp,campos,campo
senhorit,senhorita
aér,aéreo,aérea
doz,doze
declar,declarar,declaração
carolin,caroline
dor,dores
dos,dose
histór,histórias,história
destruica,destruicao
dot,dotar
cim,cima
comprov,comprovar
mantenh,mantenha,mantenham
prim,primo,prima
cabec,cabeca,cabeça,cabeças,cabecas
baix,baixa,baixem,baixas,baixar,baixo
ressalt,ressaltar
presum,presumo
raparig,rapariga,raparigas
inaugur,inaugurar
socorr,socorro
multidã,multidão
dupl,dupla,duplo
sagr,sagrado
bail,baile
priv,privada,privado
consolid,consolidar
apost,apostas,apostar,aposta,aposto
ótim,ótima,ótimo
burac,buraco,buracos
ment,mentiras,mente,menti,mentir,mentiu,mentes,mentira
sacrifíci,sacrifício
restaur,restaurante,restaurar
dól,dólar,dólares
explic,explicar,explica,explicação
opinia,opiniao
busc,buscá,busca,buscar
alde,aldeia
irã,irão
valoriz,valorizar
sabi,sabiamos
consequenc,consequencias
órgã,órgãos
venen,veneno
sincroniz,sincronizadas
compreend,compreendes,compreender,compreende
feiticeir,feiticeiro
bat,bateu,bate,bater,bata,bateria
decisõ,decisões
bas,basear,baseado,base
questã,questão
espectacul,espectaculo,espectacular
repar,reparar
derrub,derrubar
tã,tão
questõ,questões
brilhant,brilhante
maldiçã,maldição
corrent,corrente
saud,saude,saudar
bal,balas,bala
coleg,colega,colegas
respond,responde,responda,responder,respondeu
vampir,vampiros,vampiro
percorr,percorrer
desenh,desenhos,desenhar,desenho
habit,habitar
ligaco,ligacoes
emergent,emergência
resist,resistir
padr,padre
result,resultados,resultar,resultou,resultado,resulta
respons,responsável,responsabilidade
emergenc,emergencia
foss,fossem,fosses,fosse
fost,foste
best,besta
habil,habilidades,habilidade
said,saida,saido
saib,saibas,saibam,saiba
mus,museu
ofend,ofender
olhand,olhando
saim,saimos
ofens,ofensa
mud,mudaram,mudado,mudam,mudar,muda,mudei,mude,mudou
figur,figurar,figura
sair,sairam
propr,proprias,propria
ira,irao
opiniã,opinião
ire,irei
ensin,ensinou,ensinar
adiant,adiantar,adiante
emigr,emigrar
sera,serao
atraent,atraente
dã,dão
relaçõ,relações
espírit,espíritos,espírito
cop,copia,copos,copo,copias
cor,cores
formaca,formacao
brav,bravo
candidat,candidatar
questo,questoes
vermelh,vermelha,vermelho
brac,braços,braço,bracos,braco
coc,cocar,coçar,coca
dentr,dentro
brad,bradar
naquil,naquilo
deciso,decisoes
com,comem,como,comida,comi,coma,comando,comeu,come,comer
col,cole,colar,cola
quinz,quinze
portant,portanto
Europ,Europa
dificuldad,dificuldade
quint,quinta
sai,saias,saio,saia,saiam
desperdic,desperdicar,desperdiçar
tont,tonto
jogador,jogadores
sombr,sombras,sombra
assum,assumir
taref,tarefa
cred,credo
tint,tinta
recus,recusar
sã,são
transmissa,transmissao
fri,frio,fria
estimul,estimular
enrol,enrolar
advert,advertir
interess,interessado,interessa,interessada,interessante,interessar
basic,basicamente
hesit,hesitar
tinh,tinham,tinhas,tinhamos,tinha
regul,regular
recomend,recomendar
tapet,tapete
aparenc,aparencia
alegr,alegria
transferent,transferência
tumul,tumulo
saf,safar
chuv,chuva
fest,festas,festa
antecip,antecipar
excet,exceto
íam,íamos
suav,suave
aparent,aparentemente,aparência
ladrã,ladrão
lançament,lançamento
instalaco,instalacoes
paixa,paixao
servic,serviço,servicos,servico,serviços
gasolin,gasolina
calcul,calcular
mentir,mentiroso
imaginaca,imaginacao
comboi,comboio
tant,tantas,tantos,tanta,tanto
velhot,velhote
garag,garagem
cont,contei,conte,conta,contaste,conto,contas,conter,contado,contou
conv,convir
descans,descanso,descansar
golp,golpe
cant,canto,cantar,canta
elogi,elogiar
cond,conde
cans,cansada,cansar,cansado
conf,confia
quand,quando
maldica,maldicao
ficheir,ficheiro,ficheiros
receit,receita
transmissã,transmissão
capt,captar
complex,complexo
quant,quantos,quantas,quanto
honr,honra
tivéss,tivéssemos
costum,costumar,costuma,costumava,costume
afric,africa
relacion,relacionar,relacionamento
seguranc,seguranca,segurança
complet,completar,completa,completamente,completo
nin,nina
refir,refiro
desment,desmentir
raiv,raiva
garraf,garrafa
niv,niveis
ladra,ladrao
violaçã,violação
medalh,medalha
mágic,mágico,mágica
romp,romper
bombeir,bombeiros
inteligent,inteligência,inteligente
enxug,enxugar
ocean,oceano
contact,contacto,contactar
algur,algures
gravidad,gravidade
inteligenc,inteligencia
disfarc,disfarcar,disfarçar,disfarce
protocol,protocolo
just,justo
charlott,charlotte
ultrapass,ultrapassar
negoc,negociar
human,humano,humana,humanos,humanidade
incendi,incendio
posiçã,posição
agor,agora
tempestad,tempestade
enterr,enterrar,enterrado
péssim,péssima,péssimo
trint,trinta
sobrevivenc,sobrevivencia
interfer,interferir
alug,alugar
cartõ,cartões
sobrevivent,sobreviventes,sobrevivência
vier,vieram
saist,saiste
cartã,cartão
próxim,próximo,próximas,próxima
hav,haver,havera,haveria,haverá,havendo,haviam,havia
conosc,conosco
miol,miolos
preserv,preservar
disposit,dispositivo
sapat,sapatos,sapato
assin,assinar
empreend,empreender
apur,apurar
elabor,elaborar
vim,vimos
rumor,rumores
apart,apartamento
demit,demitir
agrav,agravar
suced,suceder
afirm,afirmar
negat,negativo
infecca,infeccao
políc,polícia,polícias
agrad,agrada,agradável,agradar
engrac,engraçado,engracada,engracado,engraçada
prossegu,prosseguir
máquin,máquina,máquinas
acab,acabe,acaba,acabo,acabámos,acabaste,acabaram,acabado,acabam,acabamos,acabar,acabou,acabei
asneir,asneira
interv,intervir
maxim,maximo,maxima
rever,reverendo
revel,revelar
intern,interna
acas,acaso
teim,teimar
fot,foto,fotos
vist,vista,visto,vistos,viste
for,fores,foram,fora,forem
ating,atingido,atingir,atingiu
escur,escuro
frut,fruta
fod,foder,foda,fodido
circ,circo
fog,foge,fogo
carto,cartoes
fom,fomos,fome
carta,cartao
respeit,respeitar,respeito
cord,corda,cordas
conced,conceder
conceb,conceber
coro,coroa
confer,conferir
burk,burke
cort,corta,cortou,cortar,corte
bols,bolso,bolsa
corp,corpos,corpo
descart,descartar
corr,correndo,correu,correr,corram,corrida,corra,corre
promov,promover
coloqu,coloquei,coloque
post,posto,postos
super,superar
poss,posso,posse,possas,possa,possam,possamos
corag,coragem
produz,produzir
ader,aderir
produt,produtos,produto
coraj,corajoso
algu,alguem
descobert,descoberta,descoberto
sequestr,sequestrar
estomag,estomago
educaca,educacao
sof,sofa,sofá
som,somos,somar
enderec,endereco,endereço
daquil,daquilo
curios,curioso,curiosidade
sop,sopa
gatilh,gatilho
vigil,vigilância
ferv,ferver
oportun,oportunidade
ole,oleo
engol,engolir
selvag,selvagem
fabric,fabricar,fabrica
tamb,tambem
jant,jantar
wad,wade
transform,transformar,transformou
imit,imitar
gin,gina
célul,células
hipótes,hipóteses,hipótese
japones,japoneses
irmã,irmão,irmãos
form,formas,formar,forma,formos
berr,berrar
forc,forca,forcas,forcar,força,forças,forçar
gravaçã,gravação
viol,violar
ocasia,ocasiao
fort,forte,fortes
pesc,pescar,pesca
infeliz,infelizmente
falec,falecer
emit,emitir
direçã,direção
carreir,carreira
expressa,expressao
molh,molho
discurs,discurso
exist,existe,existem,existir
cocain,cocaina
fantást,fantástica,fantástico
bord,bordo
exced,exceder
eventual,eventualmente
imens,imensa,imenso
tiv,tiveram,tiveres,tivemos,tivermos,tivesses,tiver,tiveste,tiverem,tivessem,tivesse,tive
tip,tipos,tipo
tir,tira,tiras,tirar,tire,tiraste,tirou,tiraram,tirei,tiro,tirá,tirem,tiros,tirando
tim,times,time
tin,tina
encar,encarar
test,testar,teste,testes
implant,implantar
Katherin,Katherine
acumul,acumular
irma,irmao,irmaos
teatr,teatro
sensaçã,sensação
devor,devorar
consig,consigo,consiga
consid,considera
ocasiã,ocasião
dieg,diego
naveg,navegar
salt,salto,salta,saltar
interval,intervalo
prémi,prémio
ignor,ignorar
pior,piores,piorar
olhe,olhei
rol,rolar
rom,roma
segu,segui,seguido,seguir,seguiu,seguida
rob,robo
roc,roçar,rocar
rod,roda,rodas,rodar
telefon,telefones,telefonou,telefona,telefonar,telefone,telefono
rog,roger
armad,armada,armados,armado
padrinh,padrinho
signific,significar,significado
lider,liderar
laranj,laranja
mill,miller
ros,rose,rosas,rosa
rot,rota
milh,milhas,milhares
decid,decidir,decide,decidiu,decidimos,decidido,decidi
depend,depender,depende
proxim,proximas,proximo,proxima
vez,vezes
rádi,rádio
suicidi,suicidio
veg,vegas
comun,comunidade
distingu,distinguir
terror,terroristas,terrorista
chequ,cheque
vel,velas,velar
vem,vemos,vemo
despert,despertar
vei,veio
coop,cooper
mistur,mistura,misturar
espreit,espreitar
reaparec,reaparecer
depar,deparar
revoluçã,revolução
embarc,embarcar
exact,exactamente,exacto
soluca,solucao
sincron,sincronia
administr,administração,administrar
gui,guiar,guia
dig,digam,digo,digamos,diga,digas
brind,brinde
anunc,anunciar
revest,revestir
diz,dizem,dizendo,dizemos,dizia,dizeres,dizes,dizer
dit,dito,ditar
div,divida
der,dera,deram
dir,direi,diria
renunc,renunciar
opçõ,opções
pedr,pedro,pedra,pedras
porc,porco,porcaria,porcos
patrulh,patrulha
compens,compensar
cost,costa,costas
leitur,leitura
opçã,opção
porr,porra
port,porto,portas,porta
precipit,precipitar
nasciment,nascimento
trop,tropas
possiv,possiveis
uniform,uniforme
ministr,ministro
bibliotec,biblioteca
pratic,praticar,pratica,praticamente
atenca,atencao
sequ,sequer
reputaca,reputacao
deriv,derivar
gener,genero
durant,durante
escrev,escreveu,escreve,escrevi,escrever
criaçã,criação
notíc,notícia,notícias
detest,detestar,detesto
assalt,assalto
coincid,coincidir
suicídi,suicídio
invis,invisível
atribu,atribuir
intençã,intenção
jorn,jornais
bot,botas,botar
simpát,simpática,simpático
liberdad,liberdade
índi,índia,índios
intençõ,intenções
bol,bola,bolas,boleia,bolo
ginási,ginásio
desport,desporto
extrem,extremamente
boc,bocado,boca
territóri,território
informaco,informacoes
extra,extrair
relaca,relacao
burr,burro
prefer,prefere,preferido,preferir
invern,inverno
estúdi,estúdio
instal,instalações,instalar
otim,otimo,otima
are,areia,area
aind,ainda
discut,discutir
livr,livro,livrar,livre,livros,livres
perd,perdido,perdi,perdemos,perde,perdida,perderam,perda,perder,perdidos,perdeu,perdendo,perdeste
ande,andei
preg,pregar
pref,preferia
visit,visitas,visitar,visita
rast,rasto
prec,preço,preco
preocupaca,preocupacao
pret,preta,preto,pretos
prev,prever
prep,prepara,preparem
pres,presa,preso,presos
registr,registrar
biciclet,bicicleta
desastr,desastre
club,clube
espert,esperta,esperto
divisa,divisao
examin,examinar
saír,saíram
cretin,cretino
soub,soubesse,souber,soube
discussã,discussão
draga,dragao
cas,casa,casado,caso,casada,casas,casar,casou,casos,casados
car,caras,cara,caro
prepar,preparada,preparados,preparar,prepare,preparado
pretend,pretender,pretende
flu,fluir
cav,cave
imper,imperador
cam,camara,cama,camera,camaras
cal,calar,cala,calem,cale,calado
imped,impedi,impedir
cab,cabo,caber
aprofund,aprofundar
cag,cagar
caf,cafe,café
cad,cada,cadê,cade,cadeia
coincidenc,coincidencia
possív,possíveis
abord,abordar
fabul,fabuloso
divórci,divórcio
cadáv,cadáveres,cadáver
agent,agentes,agente
tripul,tripulação
critic,criticar
chin,chines,china
coincident,coincidência
colabor,colaborar
agenc,agencia
infânc,infância
tính,tínhamos
agend,agenda
aquec,aquecer
incêndi,incêndio
aquel,aqueles,aquele,aquelas,aquela
desconfi,desconfiar
tragéd,tragédia
fíg,fígado
assunt,assuntos,assunto
pint,pintar
exposica,exposicao
ambulanc,ambulancia
mar,marido,maria
mat,materia,matou,matei,mataram,matando,mata,matar,matem,matam,mate,matá,mato,mataste,matado
remat,rematar
confess,confessar
may,maya
atac,atacar,atacou
conquist,conquistar
mag,magia
produca,producao
cardiac,cardiaco
algem,algemas
mam,mama,mamas
mal,malas,mala
man,mano
estremec,estremecer
batalh,batalha
circunstânc,circunstâncias
natural,naturalmente
discussa,discussao
devi,deviamos
favorit,favorita,favorito
inform,informações,informação,informado,informar
preced,preceder
combin,combinação,combinado,combinar
deposit,deposito,depositar
clínic,clínica
avanc,avancar,avançar
estudi,estudio
sensaca,sensacao
desvi,desviar
instruçõ,instruções
sáb,sábado
garot,garoto,garotas,garotos,garota
respiraca,respiracao
sob,sobe
tivess,tivessemos
colh,colher
elain,elaine
equip,equipe,equipa,equipas,equipamento
permissa,permissao
edific,edificar
invasa,invasao
apes,apesar
cabrõ,cabrões
torc,torcer
avia,aviao
acredit,acredita,acreditam,acredite,acredito,acreditava,acreditei,acreditamos,acreditar,acreditas
torn,tornar,torna,tornado,tornou
espingard,espingarda
solitari,solitario
cabrã,cabrão
gabinet,gabinete
avis,aviso,avisar,avisei,avisa
torr,torres,torre
empat,empatar
gel,gelado,gelo
apel,apelar
apen,apenas
nom,nome,nomear,nomes
perdo,perdoe,perdoar,perdoa
noj,nojo
vitor,vitoria
horrív,horríveis
evoc,evocar
maior,maiores,maioria
beij,beijar,beija,beijo
sol,solo,solar
míss,mísseis
fábric,fábrica
adquir,adquirir
aer,aerea,aereo
beir,beira
not,nota,notas,notar
aprov,aprovar
nov,novo,novamente,novas,nove,nova,novos
expressã,expressão
aniversári,aniversário
term,termo,termos
anteced,anteceder
teri,teriamos
terc,terça,terca
divirt,divirtam
separ,separados,separar
cerebr,cerebro
ferr,ferro
roch,rocha
tradica,tradicao
inconscient,inconsciente
drog,droga,drogas
terr,terras,terra
dispon,disponível
lam,lama
passaport,passaporte
continu,continuamos,continuar,continuas,continue,continuem,continua,continuo,continuam
versã,versão
bocadinh,bocadinho
agrup,agrupar
prostitut,prostituta
agit,agitar
aviã,avião
cobr,cobrir,cobra,cobre
recuper,recuperar
blu,blue
cabra,cabrao
aviõ,aviões
porreir,porreiro
sensor,sensores
correct,correcto
cabro,cabroes
titul,titulo
romanc,romance
escut,escutem,escutar,escuta,escuto,escute
lag,lago
traduca,traducao
carr,carros,carro
relatóri,relatório,relatórios
armadilh,armadilha
barat,barato
cart,cartas,carta,carter
perdã,perdão
quart,quarta,quartos,quarto
escud,escudos,escudo
carn,carne
romant,romantico
carg,cargo,carga
exercíci,exercício
gir,giro,girar,gira
Chicag,Chicago
públic,público,pública
frequenc,frequencia
terã,terão
honest,honesto,honestamente
turn,turner,turno
turm,turma
óbvi,óbvio
impost,impostos
esmag,esmagar
imposs,impossível
frequent,frequentar
origin,originar
crim,crimes,crime
acco,accoes
nã,não
improvis,improvisar
carri,carrie
acca,accao
soment,somente
soci,socio
influênc,influência
cris,crise
iam,iamos
floresc,florescer
emoçõ,emoções
milagr,milagre
encomend,encomendar,encomenda
escorr,escorrer
convenc,convencido,convencer
emoçã,emoção
tatuag,tatuagem
proposit,proposito
estend,estender
trein,treinar,treino
copi,copiar
bebed,bebedo
quas,quase
antig,antigas,antigos,antigo,antiga
máf,máfia
oferec,ofereceu,oferecer
assassíni,assassínio
anul,anular
serv,servem,servir,serve
almoc,almoçar,almoco,almocar,almoço
balanc,balancar,balançar
aproxim,aproximar,aproxima
posit,positivo
estacion,estacionamento,estacionar
serm,sermos
seri,serie,serio
infern,inferno
delic,delicioso
pra,praia
rend,render,renda
angel,angela
sal,sala,salada
sac,saco,sacos
sab,sabia,sabado,sabendo,saber,saberia,sabiam,sabes,saberá,sabera,sabemos,sabem,sabias,sabíamos,sabe
radiaçã,radiação
conspiraca,conspiracao
argument,argumento,argumentar
incomod,incomodar,incomoda
deveri,deveriamos
cuid,cuidado,cuidados,cuidar,cuida,cuide
sar,sara
perímetr,perímetro
certez,certeza
zon,zona
denomin,denominar
deus,deuses
funcion,funcionar,funciona,funcionam,funcionou
surg,surgir
saíst,saíste
normal,normalmente
capitul,capitulo
fris,frisar
estad,estados,estado
abertur,abertura
detect,detectar
doutor,doutora
pair,pairar
pais,paises
tristez,tristeza
unidad,unidades,unidade
pequen,pequenos,pequeno,pequena,pequenas
geraca,geracao
sala,salao
adopt,adoptar
serã,serão
corrig,corrigir
barulh,barulho
salv,salvo,salvaste,salva,salve,salvou,salvei,salvar,salvá
premi,premio
casset,cassete
set,sete
tron,trono
troc,troca,trocar,troco
êxit,êxito
campanh,campanha
concurs,concurso
indústr,indústria
map,mapa
enfrent,enfrentar
disposiçã,disposição
convoc,convocar
relaco,relacoes
informaca,informacao
saím,saímos
daquel,daqueles,daquela,daquelas,daquele
polít,políticos,político,política
activ,actividade
saíd,saído,saída
pressa,pressao
alun,aluno,alunos
abrang,abranger
desej,deseja,desejos,desejo,desejar
paraís,paraíso
nucl,nuclear
espos,esposa
coment,comentar
ger,gerir
desaparec,desaparecer,desapareceram,desaparecido,desaparece,desapareceu
coorden,coordenadas,coordenar
tamanh,tamanho
mund,mundo
nobr,nobre
atrapalh,atrapalhar
líd,líderes,líder
gem,gemer
traduçã,tradução
pistol,pistola
acident,acidente
artist,artista
lica,licao
flor,flores,florida
dirig,dirige,dirigir
infanc,infancia
espi,espiar
contag,contagem
ráp,rápido,rápida
ligaçã,ligação
enxerg,enxergar
conscienc,consciencia
contat,contato
pensament,pensamentos,pensamento
lágrim,lágrimas
ligaçõ,ligações
xerif,xerife
avist,avistar
fiscaliz,fiscalizar
pânic,pânico
estal,estalar
estam,estamos
resistent,resistência
radi,radio
trânsit,trânsito
estav,estava,estavam,estavamos,estavas
pressã,pressão
estar,estaras,estarem,estarei,estaria,estara,estares,estará,estaremos
wayn,wayne
achav,achava
import,importante,importava,importas,importam,importo,importar,importantes,importa,importância
divisã,divisão
resistenc,resistencia
coraca,coracao
coraco,coracoes
esperanc,esperancas,esperanca,esperanças,esperança
tub,tubo,tubarão
tud,tudo
vinganc,vingança,vinganca
mant,manter,mantem
quiet,quietos,quieta,quieto
comec,comece,comecei,comecamos,começo,comecem,começamos,comecaram,comeco,começa,comecando,começaram,começam,começando,começar,começou,comecar,comecou,comeca,comecam
retir,retirar
personal,personalidade
mont,montes,monte,montar
mand,mande,mandaram,mandar,mandado,mandou,mandei,manda,mando
setembr,setembro
manh,manha
comet,cometeu,cometi,cometer
concert,concerto
nojent,nojento
caban,cabana
pov,povo
inspir,inspirar
por,porem,pôr
period,periodo
insist,insistir
físic,física,físico
suger,sugere,sugerir
companheir,companheiro,companheiros
joi,joias
cancel,cancelar
coloc,coloca,colocar,colocou,colocá
pod,podias,podia,poderiam,poderias,poderia,podíamos,poderemos,poderá,poderíamos,podem,podera,poderão,poderes,pode,poderei,podemos,podermos,podes,poder,podiam
poc,poco,poço
ultim,ultimas,ultima,ultimo,ultimos,ultimamente
marg,marge
destru,destruiu,destruido,destruir
exat,exatamente
invert,inverter
altern,alternativa
mari,marie
laboratóri,laboratório
mart,marte
odei,odeio
helicopter,helicoptero
crem,creme
amanh,amanha
amand,amanda
époc,época
identific,identificação,identificar
oest,oeste
manteig,manteiga
instant,instante
amant,amante
pilot,piloto,pilotos
casc,cascar
fin,finais
pobr,pobre,pobres
sobreviv,sobreviver,sobreviveu
imperi,imperio
competica,competicao
sophi,sophie
invoc,invocar
descrica,descricao
vest,veste,vestidos,vestir,vestido
bêb,bêbado
relógi,relógio
estaca,estacao
verdadeir,verdadeiros,verdadeira,verdadeiro,verdadeiramente
consequent,consequências
destin,destino,destinar
condico,condicoes
acentu,acentuar
ambient,ambiente
recepçã,recepção
condica,condicao
pap,papá,papeis,papa,papéis
par,parada,pare,pares,para,paris,parir,parado,parou,parem
conseg,consegue
medic,medicos,medica,medicamentos,medico
econom,economia
quimic,quimica
fantasm,fantasma,fantasmas
pag,pagar,paga,pago,pagou,pagam
assistent,assistente
oxigéni,oxigénio
document,documentos
medit,meditar
investigaca,investigacao
nest,nestes,neste,nestas,nesta
voss,vossas,vossos,vossa,vosso
oic,oica,oiça
ness,nessas,nesses,nesse,nessa
matemát,matemática
oit,oito
distribu,distribuir
pacienc,paciencia
mínim,mínimo,mínima
naquel,naquela,naquele
cium,ciumes
especific,especificar
ces,cesar
model,modelo
zang,zangada,zangado
pacient,pacientes,paciente
pergunt,perguntas,perguntar,perguntou,perguntei,pergunto,pergunte,pergunta
haj,haja
açúc,açúcar
execut,executar
vent,vento
resp,respira
cerimón,cerimónia
rest,restar,resta,resto,restos
fiqu,fiquei,fiques,fiquem,fique
vã,vão
pressent,pressentimento,pressentir
aspect,aspecto
inteir,inteira,inteiro
fotograf,fotografias,fotografia,fotografar
incentiv,incentivar
concentr,concentra,concentrar
europ,europa
parceir,parceiro
except,excepto
esforc,esforco,esforcar,esforço,esforçar
Jami,Jamie
exercit,exercito
atrev,atrever
carrinh,carrinha
versa,versao
rost,rosto
ridícul,ridículo
sufoc,sufocar
camisol,camisola
extraordinári,extraordinário
atmosf,atmosfera
auxili,auxiliar
mor,morar,mora,morada
devess,devessemos
reag,reagir
ame,amei
mov,mover
avali,avaliar
mot,moto
tid,tido
apaixon,apaixonado,apaixonada,apaixonar
mestr,mestre
desempenh,desempenhar
libr,libras
regia,regiao
mod,moda,modo
katherin,katherine
energ,energia
noss,nossas,nossos,nosso,nossa
benefic,beneficiar
maluc,malucos,maluco,maluca
advog,advogado,advogados
republ,republica
alemã,alemão,alemães
detr,detras
enriquec,enriquecer
Marg,Marge
ascend,ascender
substitu,substituir
acolh,acolher
grup,grupos,grupo
cabr,cabra
porta,portao
famíl,família,famílias
excelent,excelência,excelente
exib,exibir
ataqu,ataques,ataque
desafi,desafio,desafiar
definit,definitivamente
evolu,evoluir
exit,exito
excelenc,excelencia
complic,complicado,complicar
refer,referir,refere
uisqu,uisque
aquil,aquilo
viabiliz,viabilizar
chefi,chefiar
restring,restringir
arrecad,arrecadar
artig,artigo
don,dona,dono
regiã,região
aniversari,aniversario
usand,usando
localiz,localizar,localização
oxal,oxalá,oxala
gerent,gerente
marc,marco,marcar,marcas,marca
lagrim,lagrimas
catherin,catherine
chor,chorar
feit,feitos,feito,feita,feitas
chov,chover
alema,alemaes,alemao
descobr,descobre,descobriu,descobrimos,descobrir,descobri,descobriram,descobriste
mensag,mensagem
cervej,cerveja,cervejas
círcul,círculo
dram,drama
tratament,tratamento
peit,peito
desembarc,desembarcar
glór,glória
lob,lobo
quent,quentes,quente
pár,pára
log,logo
loj,loja,lojas
espéc,espécie
saudad,saudades
missa,missao
celul,celulas,celular
fascin,fascinante
laboratori,laboratorio
prisã,prisão
terap,terapia
protecca,proteccao
bêbed,bêbedo
jud,judeu
cultiv,cultivar
efeit,efeitos,efeito
estrateg,estrategia
jul,julia
oscil,oscilar
jur,juro,juri,jurar
gord,gordo,gorda
matemat,matematica
contrári,contrário
afast,afastar,afasta,afastem,afaste
gravaca,gravacao
fraud,fraude
ligu,liguei
salári,salário
escritóri,escritório
doc,doces,doce
russ,russa,russo,russos
autocarr,autocarro
agred,agredir
puls,pulso
nív,níveis
acen,acenar
feliz,felizmente,felizes
felic,felicidade
verific,verificar
opca,opcao
filh,filhas,filhos,filho,filha
whit,white
film,filmar,filmes,filme
madeir,madeira
reacca,reaccao
igu,iguais
juiz,juizo
idiot,idiota,idiotas
repent,repente
orient,orientar
indag,indagar
compet,competir
distânc,distância
prisa,prisao
profer,proferir
importanc,importancia
palerm,palerma
congress,congresso
retrat,retratar
sequenc,sequencia
crédit,crédito
submarin,submarino
pulmõ,pulmões
debruc,debruçar,debrucar
tensa,tensao
masc,mascara
confianc,confiança,confianca
invest,investir
ajud,ajudo,ajudem,ajude,ajuda,ajudar,ajudou
escad,escada,escadas
avio,avioes
mass,massa
castl,castle
escap,escapar,escapou
combinaca,combinacao
disp,dispara,disparem
represent,representar,representa
diss,dissesse,disser,disseram,dissemos,disse,disseste,disso
dist,disto
consider,considerar,considerado
ali,alias
analis,analise,analisar
arrast,arrastar
aproveit,aproveitar
disc,discos,disco
áre,área
confund,confundir
noutr,noutra,noutro
alt,altamente
enfermeir,enfermeira
inic,iniciar
introduz,introduzir
espiã,espião
cresc,crescer,cresci,cresceu
satisfaz,satisfazer
program,programa
vazi,vazio
solicit,solicitar
nenhum,nenhuma
norm,normais
evidenc,evidenciar
faz,fazeres,fazia,faziam,fazendo,fazê,fazemos,fazem,faze,fazes,fazer,fazermos,fazerem
consum,consumir
diari,diario
desencad,desencadear
sonh,sonhos,sonhar,sonhei,sonho
cadav,cadaveres,cadaver
fat,fato,fatos
falt,faltam,faltar,falta
vera,verao
falh,falhar,falhado,falhou,falha
invent,inventar
fal,falou,falaram,falei,falava,falamos,falas,falar,falaste,falando,falam,falado,falo,fales,fala,falámos,fale
pression,pressionar
fad,fada,fadas
largu,larguem
sant,santo,santa
patét,patético
acert,acertou,acertar
lógic,lógica
razõ,razões
infecçã,infecção
acerc,acerca
estratég,estratégia
págin,páginas,página
namor,namorado,namorados,namorar,namorada
dúv,dúvidas,dúvida
laur,laura
embaix,embaixada,embaixador,embaixo
razã,razão
dúz,dúzia
enterpris,enterprise
perfeit,perfeito,perfeitamente,perfeita
tem,temos,temer,temo,tema
diret,direto
passei,passeio
tec,tecer,tecido
pun,punir
chegu,cheguei
tex,texas
bonit,bonito,bonitos,bonitas,bonita
design,designar
pass,passaste,passámos,passando,passaram,passava,passei,passado,passada,passas,passam,passou,passo,passos,passe,passamos,passar,passa
ter,terias,teria,terei,teras,teríamos,terem,tera,terá,teremos,teres,teriam
cigarr,cigarro,cigarros
ocorr,ocorrer,ocorreu
acend,acender
sub,subir,suba
perant,perante
comissari,comissario
sum,sumo,sumir
espia,espiao
diab,diabos,diabo
suj,sujo,suja
leit,leite
abenço,abençoe
caralh,caralho
traduz,traduzir,traduzido
desenvolv,desenvolver
cuec,cuecas
public,publico,publicar,publica,publicidade
resmung,resmungar
mulh,mulher,mulheres
valh,valha
ciênc,ciência
pacif,pacifico
sozinh,sozinha,sozinho,sozinhos
verã,verão
iníci,início
posico,posicoes
posica,posicao
legend,legendas
símbol,símbolo
aguard,aguardar
azu,azuis
daqu,daqui
relembr,relembrar
razo,razoes
raza,razao
pronunc,pronunciar
diminu,diminuir
mirand,miranda
medicin,medicina
vic,vice
depart,departamento
vig,vigia
vid,vidas,vida,video
gost,gostou,gosto,gostava,gostar,gostamos,gostaria,gosta,gostas,gostaste,gostam,goste,gostavas,gostei
transit,transito
possibil,possibilidades,possibilidade
vil,vila
câm,câmara,câmera,câmaras
vir,viram,vires,virá,virou,viria,vire,vira,virem,virar
vis,visar
viv,viva,vivia,vive,vivem,vivemos,vivo,viveu,vivos,vives,viver
superfíc,superfície
famili,familiar,familiares
desloc,deslocar
memor,memorias,memoria
quilometr,quilometros
preven,prevenir
morr,morra,morrido,morre,morrem,morrendo,morreu,morreram,morrer
liber,liberar
regist,registos,registo,registar
mort,mortes,mortos,mortas,morto,morta,morte
balbuc,balbuciar
acontec,acontecesse,acontecendo,acontecem,acontece,aconteceu,acontecer,aconteca,acontecido,aconteça,acontecerá,acontecera
formul,formular
homicídi,homicídios,homicídio
pus,puseram,puseste
simpat,simpatica,simpatico
mord,morder
trist,triste
eram,eramos
companh,companhia
horari,horario
houv,houver,houve,houvesse
imprim,imprimir
traseir,traseiro,traseiras
vej,vejamos,veja,vejam,vejo
malt,malta
sacan,sacana
det,deter
dev,deverias,deva,deveríamos,devíamos,deve,devêssemos,deviam,devera,devia,deves,dever,devido,devias,devem,deveria,deverá,devesse,devo,devemos,deveriam
abrac,abraço,abraçar,abraco,abracar
requer,requerer
del,dela,delas,dele,deles
dem,demos,demais
abandon,abandonou,abandonado,abandonar
tradiçã,tradição
ded,dedos,dedo
aguent,aguento,aguentar,aguenta
contud,contudo
explod,explodir
pont,pontos,ponta,ponto,ponte
sublinh,sublinhar
atend,atender,atende
pessim,pessimo,pessima
tensã,tensão
leã,leão
ponh,ponho,ponham,ponha
explor,explorar
explos,explosivos
própr,própria,próprias
alianc,aliança,alianca
divid,dividir
homicidi,homicidios,homicidio
actu,actuar
distra,distrair
egoíst,egoísta
secul,seculos,seculo
sóci,sócio
simpl,simples
plant,plantas,plantar,planta
promess,promessa
crâni,crânio
relogi,relogio
exércit,exército
institu,instituir
reflect,reflectir
seman,semana,semanas
produçã,produção
escrav,escravos,escravo
gast,gastar
exposiçã,exposição
decisã,decisão
ministéri,ministério
anúnci,anúncio
derrot,derrotar
caus,causa,causou,causar
concretiz,concretizar
escorreg,escorregar
constitu,constituir
acçõ,acções
parqu,parque
confirm,confirmar
televisa,televisao
acçã,acção
respost,resposta,respostas
veícul,veículo
tornei,torneio
brig,briga,brigar
esquin,esquina
garant,garanto,garantir
pens,pensei,pensaste,pensem,pensa,pensam,penso,pensando,pensamos,pense,pensar,pensava,penses,pensas,pensado,pensou
prat,prato,pratos,prata
milhã,milhão
recomec,recomecar,recomeçar
praz,prazer,prazo
jurament,juramento
epoc,epoca
pend,pender
altez,alteza
tripulaca,tripulacao
sugir,sugiro
muniçõ,munições
alter,alterar
milhõ,milhões
ceg,cego
ced,ceder,cedo
fronteir,fronteira
cen,cena,cenas
cel,cela
jói,jóias
limpez,limpeza
casin,casino
vomit,vomitar
recompens,recompensa
propost,proposta
descrev,descrever
oxigeni,oxigenio
comprim,comprimidos
event,eventos,evento
colecca,coleccao
júr,júri
val,valer,vale,valeu
habitu,habituar
necessit,necessitar
amarel,amarelo
televisã,televisão
qualqu,qualquer
dext,dexter
radiaca,radiacao
harr,harris
milho,milhoes
refeica,refeicao
canca,cancao
milha,milhao
difer,diferir
cachorr,cachorro,cachorros
cancr,cancro
pintur,pintura
arrepend,arrepender
pássar,pássaros,pássaro
pul,pular
extraordinari,extraordinario
bast,bastar,basta
assist,assistir
adivinh,adivinha,adivinhar
pud,pude,puderes,puder,pudesses,pudesse
labi,labios
compromiss,compromisso
favorec,favorecer
signif,significa
heroin,heroina
pux,puxa,puxar
murmur,murmurar
consegu,conseguia,consegues,conseguirmos,conseguiria,conseguimos,conseguir,consegui,conseguires,conseguiu,conseguiram,conseguiste,conseguem,conseguido
put,puto,puta
acord,acordo,acordei,acordada,acorde,acordado,acordar,acorda,acordou
ódi,ódio
pur,pura,puro
recu,recuar
linguag,linguagem
intenco,intencoes
intenca,intencao
veloc,velocidade
portã,portão
novembr,novembro
agênc,agência
penetr,penetrar
ensai,ensaiar,ensaio
naca,nacao
matér,matéria
perturb,perturbar
seleccion,seleccionar
famos,famosa,famoso
fortun,fortuna
miss,misseis
donn,donna
quadr,quadro
profund,profundo,profundamente
divorci,divorcio
saind,saindo
multiplic,multiplicar
pescoc,pescoço,pescoco
sargent,sargento
contra,contrair
reclam,reclamar
jed,jedi
natur,natureza
preench,preencher
construca,construcao
cóp,cópia,cópias
espelh,espelho
tol,tolo
arruin,arruinar
viess,viesse
viest,vieste
país,países
terceir,terceira,terceiro
parv,parvo
escurida,escuridao
segur,segure,segura,seguro,seguros,segurar,segurem
prend,prenda,prender
estre,estrear
consult,consultar,consulta
mencion,mencionar
acamp,acampamento
viag,viagem
contrari,contrario,contrariar
lament,lamento,lamentar
perfum,perfume
remov,remover
folg,folga
viaj,viajar
arranj,arranjaste,arranja,arranje,arranjou,arranjei,arranjo,arranjar
língu,língua
águ,águas,água
dand,dando
danc,dança,dançar,danca,dancar
arranc,arrancar
apert,apertar
comput,computadores,computador
duz,duzia
exerc,exercer
dedic,dedicar
julgament,julgamento
lid,lideres,lido,lidar
imagin,imaginar,imaginei,imaginação,imagina,imagine,imagino
lig,liga,ligo,ligar,ligado,ligou,ligue
equival,equivaler
lic,liceu
cofr,cofre
ode,odeia
lis,lisa
episódi,episódio
selv,selva
lix,lixado,lixar,lixe,lixo
diferenc,diferenca,diferença,diferenciar
amad,amado
tentat,tentativa
vantag,vantagem
park,parker
prevalec,prevalecer
escuridã,escuridão
empurr,empurrar
justific,justificar
assoc,associar
plan,planeado,plano,planear,planos
diferent,diferente,diferentes
plac,placa
flutu,flutuar
pesadel,pesadelos,pesadelo
aprec,apreciar
salari,salario
part,parte,partida,partam,partido,parto,partir,partes,partiu
senã,senão
arrisc,arriscar
suficient,suficientes,suficientemente,suficiente
golf,golfe
ridicul,ridiculo
testemunh,testemunha,testemunhas
comand,comandante,comandar
máxim,máximo,máxima
rebeld,rebeldes
detalh,detalhes
reput,reputação
find,findar
fing,fingir
violenc,violencia
impact,impacto
qued,queda
escond,esconder,esconde,escondido
quer,queria,queriam,querida,querido,querem,queríamos,quero,queremos,querer,queres,queridos,querias
apresent,apresentação,apresentar,apresenta,apresento
estarm,estarmos
soluc,soluçar,solucar
tera,terao
quebr,quebrar,quebra
proced,proceder,procedimento
desenrol,desenrolar
conferenc,conferencia
impressã,impressão
express,expressar
reivindic,reivindicar
chat,chateado,chato,chateada,chatear
demasi,demasiado
impressõ,impressões
másc,máscara
preocup,preocupo,preocupe,preocupados,preocupem,preocupar,preocupa,preocupes,preocupado,preocupada,preocupação
acus,acusado,acusar,acusações,acusação
botã,botão
particul,particular
choqu,choque
despach,despachar,despacha,despachem
acuc,acucar
verdad,verdade
cri,criado,criada,criar,cria,criou
respir,respirar,respiração
príncip,príncipe
acud,acudir
vinh,vinha,vinho
afog,afogar
ser,serei,será,serem,seras,seremos,seres,seria,sera,seriam
lea,leao
vinc,vince
séri,série,sério
vind,vindos,vindas,vinda,vindo
ving,vingar
sex,sexo
celebr,celebrar
barc,barco,barcos
sed,sede
sec,seca,secar,seco
reun,reunir
persegu,perseguir
reserv,reserva,reservar
sem,semear
vint,vinte
possibilit,possibilitar
ningu,ninguem
cerimon,cerimonia
espirit,espirito,espiritos
deix,deixo,deixei,deixava,deixem,deixa,deixando,deixam,deixaste,deixaram,deixá,deixares,deixas,deixar,deixado,deixes,deixaria,deixamos,deixou,deixe,deixarei
particip,participar
debat,debater
ritm,ritmo
horriv,horriveis
constat,constatar
estarã,estarão
pist,pista,pistas
sint,sinto,sinta
atra,atrair
cobard,cobarde
exercici,exercicio
diári,diário
bibl,biblia
impresso,impressoes
cirurgia,cirurgiao
coraçã,coração
sold,soldados,soldado
errad,errado,errada
isol,isolar
incident,incidente
estrel,estrelas,estrela
parag,paragem
solt,solte,soltar,solta
popul,popular,população
bota,botao
cemitéri,cemitério
disposica,disposicao
sécul,século,séculos
tempor,temporada
proib,proibir,proibido
melhor,melhorar,melhores
coelh,coelho
sequênc,sequência
acalm,acalme,acalmar,acalma
camia,camiao
andav,andava
rad,radar
andar,andares
andam,andamos
camis,camisa
littl,little
contrat,contratou,contrato,contratar
andad,andado
provoc,provocar
obrig,obrigado,obrigar,obrigada
rac,raça,raca
duk,duke
disparat,disparate
comissári,comissário
territori,territorio
toqu,toques,toque
cirurg,cirurgia
secret,secretaria,secretos,secreto,secreta
letr,letras,letra
bloc,bloco
dur,duro,durar,dura
duv,duvido,duvida,duvidas
firm,firma,firmar,firme
cênt,cêntimos
quilómetr,quilómetros
imag,imagem
gat,gatos,gato
fund,fundos,fundir,fundo
adormec,adormecer
satelit,satelite
gad,gado
tigr,tigre
convers,conversa,conversar,conversas
milit,militares,militar
macac,macacos,macaco
fantas,fantasia
fur,furar
histor,historia,historias
aventur,aventura
fug,fugir,fuga,fugiu
pian,piano
sobr,sobrar,sobre
outubr,outubro
fum,fumo,fumar
piad,piadas,piada
prejudic,prejudicar
desliz,deslizar
camiã,camião
rap,rapido,rapida
voc,você,voces,voce
centr,centrar,centro
rit,rita
comport,comportar,comportamento
rip,ripadas
vot,voto,votos,votar
Tin,Tina
relatori,relatorio,relatorios
grit,gritos,gritar
ric,rico,ricos,rica
deslig,desligar,desligue,desliga
estej,esteja,estejam,estejas
cés,césar
decor,decorar
enfatiz,enfatizar
minim,minima,minimo
pã,pão
trabalh,trabalhamos,trabalhadores,trabalhos,trabalhou,trabalhava,trabalhando,trabalhei,trabalhar,trabalhas,trabalham,trabalha,trabalho
grand,grande,grandes
estev,esteve
orelh,orelha,orelhas
optim,optima,optimo
alert,alertar,alerta
existent,existência
moment,momentos,momento
seren,serena
fraquez,fraqueza
along,alongar
magníf,magnífico
recent,recente,recentemente
guerr,guerra
belez,beleza
mistéri,mistério
entre,entrei
eleg,eleger,elegante
merec,merecer,mereces,mereço,mereco,merece,merecem
esgot,esgotar
temperatur,temperatura
chanc,chance
elev,elevar,elevador
veicul,veiculo
academ,academia
patet,patetico
acusaca,acusacao
extingu,extinguir
cavalheir,cavalheiros,cavalheiro
protecçã,protecção
acusaco,acusacoes
altur,altura
vigilanc,vigilancia
moc,moça,moca
baptiz,baptizar
moviment,movimentar,movimentos,movimento
predomin,predominar
cur,curar,cura
loucur,loucura
relaçã,relação
profissã,profissão
pudéss,pudéssemos
prest,prestar,presta,prestes
sin,sinais
cuj,cujo
fisic,fisico,fisica
march,marchar,marcha
tomat,tomates
acess,acesso
bif,bife
traiçã,traição
clam,clamar
cozinh,cozinha,cozinhar
mamã,mamãe
accion,accionar
desgrac,desgraça,desgraçado,desgraca,desgracado
assinatur,assinatura
resolv,resolvido,resolver
manifest,manifestar
princip,principe
aond,aonde
idé,idéia
esclarec,esclarecer
convosc,convosco
piedad,piedade
motor,motores,motorista
aliment,alimentar
urgent,urgente
palm,palmer
bastant,bastante
palc,palco
satélit,satélite
instint,instinto
execuçã,execução
reproduz,reproduzir
prox,proximos
prov,prova,provir,provas
medi,medio
direcçã,direcção
acham,achamos
pes,pesar,pesado,pesada,peso
pel,pele,pela,pelo,pelos,pelas
profissa,profissao
pen,penis,pena
frac,fraco,fraca
larg,largue,larga,largar
violênc,violência
ped,pediram,pedindo,pediste,pedido,pede,pedimos,pediu,pedi,pedir
amostr,amostra,amostras
crianc,crianças,crianca,criancas,criança
peg,pego,pegou,pegar,pega,pegamos,pegue
pec,peço,pecas,peça,pecados,peças,peca,pecado,peco
constru,construir
consagr,consagrar
diamant,diamantes
rum,rumo
past,pasta
empres,empresa,empresas
secretár,secretária
competiçã,competição
stev,steve
jornal,jornalista
ache,achei
conduçã,condução
empreg,emprego,empregar,empregado,empregada,empregados
che,cheia
compr,comprei,comprou,compras,comprar,compra,compreendo
inter,interesses,interesse
clar,claramente,claro,clara
imprens,imprensa
açã,ação
silenci,silencio
amav,amava
libert,libertar
desculp,desculpar,desculpas,desculpem,desculpe,desculpa
esquerd,esquerdo,esquerda
ide,ideias,ideia
imediat,imediato,imediatamente
satisfeit,satisfeito
anterior,anteriormente
univers,universo,universidade
casament,casamento
irrit,irritar
detectiv,detective
dispens,dispensar
terren,terreno
pern,pernas,perna
períod,período
connosc,connosco
diversã,diversão
únic,únicos,único,única
exprim,exprimir
custod,custodia
brux,bruxa,bruxas
question,questionar
encolh,encolher
long,longa,longo,longe
mama,mamae
pared,parede,paredes
parec,parece,pareço,parecem,parecida,pareceu,parecia,pareca,pareces,parecer,pareça,parecido,pareco
orgulh,orgulhoso,orgulho,orgulhosa
atras,atrasar,atrasados,atraso,atrasada,atrasado
bruc,bruce
poder,poderosa,poderoso
atrav,atraves
aqu,aquí,aqui
confissa,confissao
músic,música
lábi,lábios
pert,perto
resgat,resgate,resgatar
crani,cranio
linh,linha,linhas
inclu,incluindo,incluir
funçã,função
simbol,simbolo
lind,linda,lindos,lindas,lindo
piscin,piscina
consist,consistir
uísqu,uísque
apoi,apoio,apoiar
planej,planejar
planet,planeta
civ,civis
cit,citar
petról,petróleo
fich,ficha
alarm,alarme
curv,curvar
monstr,monstro,monstros
curt,curto,curtis,curta
utiliz,utilizar
tecnic,tecnica,tecnicamente,tecnico
curs,curso
cham,chamaram,chame,chamei,chamava,chamá,chamem,chamo,chamada,chamam,chamamos,chamar,chamas,chamou,chamado,chamadas,chamaste,chama
chas,chase
chap,chapeu
andast,andaste
chav,chave,chaves
horári,horário
famil,familias,familia
diversa,diversao
sintom,sintomas
farã,farão
nad,nada,nadar
vitim,vitimas,vitima
tard,tarde,tardar
rainh,rainha
nav,nave,naves
nat,nate
reacçã,reacção
cadeir,cadeira
magnif,magnifico
tart,tarte
confissã,confissão
misteri,misterio
lend,lenda
papa,papai
outr,outro,outros,outras,outra
frances,francesa,franceses
dific,dificeis
lent,lentamente
jeit,jeito
desert,deserto
dobr,dobro,dobrar
lanc,lança,lance,lançar,lanca,lancar
majestad,majestade
exclu,excluir
exig,exigir
direit,direito,direita,direitos
nasc,nascer,nasci,nasceu,nascido
fresc,fresco
far,farei,fará,faremos,fara,faria,farias
agu,aguas,agua
queri,queriamos
abenco,abencoe
ocult,ocultar
funca,funcao
inacredit,inacreditável
bomb,bomba,bombas
ganh,ganhar,ganhou,ganho,ganhei,ganhaste,ganha
nunc,nunca
sér,séria
procur,procuro,procura,procuramos,procure,procuram,procurar,procuras,procurador,procurando,procurei
aconselh,aconselhar
sena,senao
estil,estilo
send,sendo
cabel,cabelos,cabelo
troux,trouxeram,trouxe,trouxeste
privac,privacidade
suspir,suspirar
mil,miles
sent,senti,sentiu,sentados,sentem,sentimos,sentada,sentia,sentado,sentes,sente,sentindo,sentar,sentido,senta
perceb,percebido,percebo,percebi,percebe,percebem,perceber,percebes,percebeste,percebeu
enfi,enfiar
suscit,suscitar
aprend,aprendi,aprendeu,aprender,aprende
sempr,sempre
devolv,devolver,devolve
suponh,suponho
cirurgiã,cirurgião
mobiliz,mobilizar
magic,magico,magica
intensific,intensificar
tra,traiu,trair
inclin,inclinar
palavr,palavra,palavras
cardíac,cardíaco
cap,capa
rebent,rebentar
estômag,estômago
velh,velho,velhas,velha,velhos
desprez,desprezar
víd,vídeo
odi,odiar,odio
acim,acima
folh,folhas,folha
apanh,apanhaste,apanho,apanha,apanhem,apanhei,apanharam,apanhou,apanhar,apanhado
edifici,edificio
font,fontes,fonte
porqu,porque,porquê
caridad,caridade
compar,comparar
conspir,conspiração
encost,encostar
títul,título
maravilh,maravilhosa,maravilhoso,maravilha
repous,repousar
experiment,experimentar,experimenta
traica,traicao
estabelec,estabelecer
escolh,escolheu,escolher,escolhas,escolhido,escolhi,escolhe,escolha
pagin,paginas,pagina
decorr,decorrer
absolut,absolutamente,absoluta
lei,leia
arrum,arrumar
industr,industria
cac,caça,caçar,caca,cacar
sext,sexta
sexu,sexuais
lev,levando,levaram,levei,levava,levem,levamos,levas,levar,levou,levam,levado,levo,leves,levá,levará,leva,leve,levara
lew,lewis
luk,luke
amanhec,amanhecer
miser,miserável
sujeit,sujeito,sujeitar
convert,converter
talent,talento
cerc,cercar,cerca
sangr,sangrar
gent,gente
repet,repetir
existenc,existencia
oficial,oficialmente
solitári,solitário
cert,certo,certos,certas,certa,certamente
cerr,cerrar
geni,genio
demóni,demónio,demónios
implement,implementar
membr,membro,membros
barrig,barriga
castig,castigo
situaçã,situação
noca,nocao
limp,limpo,limpar,limpa
maldit,maldita,malditos,maldito
disciplin,disciplinar
proclam,proclamar
retom,retomar
volt,voltaste,voltei,volta,voltem,voltamos,voltarmos,voltares,voltaram,voltar,voltas,voltam,voltado,voltou,volto,voltarei,voltara,voltaremos,voltes,voltará,volte
duch,duche
últim,últimos,última,último,últimas
sobrinh,sobrinho
árvor,árvores,árvore
envolv,envolver,envolvido
numer,numeros,numero
helicópter,helicóptero
cha,chao
use,usei
tar,tarado
frod,frodo
levant,levantar,levante,levantem,levanta
fei,feia,feio
implic,implicar
bonec,boneca
fer,ferida,ferido,ferir,feridas,feridos,ferias
voz,vozes
ministeri,ministerio
estara,estarao
certific,certificar
estrutur,estrutura
frot,frota
sort,sorte
autorizaca,autorizacao
sorr,sorrir
aca,acao
frigorif,frigorifico
parais,paraiso
choc,chocar
confi,confiar,confio,confie
guerreir,guerreiro,guerreiros
superfic,superficie
declaraca,declaracao
aranh,aranha
promet,promete,prometer,prometeste,prometo,prometi,prometeu
alic,alice
poup,poupar
renov,renovar
pous,pousar
padra,padrao
apont,apontar
pouc,pouco,poucas,pouca,poucos
control,controle,controlo,controla,controlar
tap,tapar
contempl,contemplar
process,processo,processar
estup,estupida,estupidos,estupido
capítul,capítulo
tax,taxi
remedi,remedio
propósit,propósito
sociedad,sociedade
tac,taca,taça,taco
crimin,criminoso,criminosos
revist,revista,revistas
estud,estudo,estudante,estudantes,estudar,estudos
brincadeir,brincadeira
sit,site
esper,esperava,esperam,esperamos,esperando,esperem,espero,esperei,espere,esperemos,esperas,esperar,espera
feir,feira
estranh,estranho,estranha,estranhas,estranhar,estranhos
narr,narrar
aument,aumento,aumentar
situaca,situacao
sig,siga,sigam
dissolv,dissolver
caramb,caramba
panic,panico
espec,especie,especiais
vibr,vibrar
entreg,entrega,entregue,entregar
especial,especialmente,especialista
financ,financiar
fara,farao
apress,apressar
entrev,entrevista
fart,farta,farto,fartar
chã,chão
fras,frase
embor,embora
revisa,revisao
assassin,assassinado,assassinos,assassino
bairr,bairro
bing,bingo
mochil,mochila
correspond,corresponder
aeroport,aeroporto
conduz,conduzir
destruíd,destruído
batat,batatas
american,americano,americanos,americana
ingress,ingressar
ciúm,ciúmes
ocup,ocupado,ocupada,ocupar
feitic,feitico,feitiço
doent,doente,doentes
ocul,oculos
explosã,explosão
doenc,doenca,doenças,doença,doencas
juíz,juízo
campeonat,campeonato
audica,audicao
construçã,construção
dispost,disposto
localizaca,localizacao
dad,dados,dado,dada
cust,custar,custa,custou
olhad,olhada
dal,dale,dali
dam,dama,damos
caminh,caminhos,caminho,caminhar
sid,sido
dat,data
dav,davis,dava
facilit,facilitar
dar,darei,dara,dará,daria
bíbl,bíblia
trag,trago,tragam,traga
senhor,senhoras,senhores,senhora
trac,tracar,traçar
comunicaco,comunicacoes
edit,editar
sucess,sucesso
convid,convidado,convidou,convidados,convidar
trat,tratado,trata,trato,tratar,trate
trav,travar,travis
sobretud,sobretudo
conviv,conviver
traz,trazer,trazido
metr,metros,metro
aterr,aterrar
ofert,oferta
gargant,garganta
conclu,concluir
emprest,emprestar
esquadr,esquadra
denunc,denunciar
ous,ousar
our,ouro
secretari,secretario
ouv,ouves,ouviste,ouviram,ouvindo,ouvimos,ouvir,ouviu,ouvi,ouve,ouvidos,ouvido
rez,rezar
depósit,depósito
ficara,ficarao
populaca,populacao
sacrifici,sacrificio
sentiment,sentimento,sentimentos
influenc,influencia,influenciar
cançã,canção
rep,repara,reparei
rev,rever
ret,reter
cess,cessar
menin,menina,meninos,meninas,menino
rec,recado,recear
rea,reais
ref,refem
reg,reger
red,rede
ginasi,ginasio
franc,francis,francamente,franco,frances
frang,frango
loc,locais
mostr,mostra,mostrou,mostre,mostro,mostrar
egoist,egoista
supost,suposto
invad,invadir
qua,quao,quais
que,queiram
ligaca,ligacao
espectácul,espectáculo
etern,eternidade
recolh,recolher
óptim,óptimo,óptima
armazen,armazenar
códig,código,códigos
alastr,alastrar
grát,grátis
gráv,grávida
caix,caixa,caixas
própri,próprios,próprio
irem,iremos
presid,presidir
teor,teoria
organiz,organização,organizar
encerr,encerrar
saúd,saúde
confusa,confusao
circunstanc,circunstancias
maf,mafia
táx,táxi
chicag,chicago
facil,facilmente
arquiv,arquivo,arquivos
interromp,interromper
salient,salientar
obvi,obviamente,obvio
pott,potter
realidad,realidade
capac,capacidades,capacidade
pront,pronto,prontos,pronta
criatur,criatura,criaturas
capaz,capazes
repúbl,república
termin,termina,terminei,terminou,terminado,terminar
licenc,licenciar,licenca,licença
prátic,prática
final,finalmente
cabin,cabine
palhac,palhaco,palhaço
julg,julgo,julga,julgas,julgar
suspeit,suspeita,suspeito,suspeitar,suspeitos
desd,desde
juli,julie
julh,julho
pizz,pizza
visã,visão
pacíf,pacífico
secca,seccao
dragã,dragão
campeã,campeão
contribu,contribuir
seg,segue
pelota,pelotao
bel,bela,belo
beb,bebe,beba,bebado,bebo,bebidas,bebé,bebê,bebida,bebes,beber
bec,beco
inici,inicio
capitã,capitão
barb,barba,barbara
cobertur,cobertura
multida,multidao
memór,memórias,memória
confusã,confusão
muit,muito,muitas,muitos,muita
abaix,abaixe,abaixo
idad,idade
cavern,caverna
sen,senado
bastard,bastardo
mij,mijar
pulmo,pulmoes
min,minas,mina
caval,cavalos,cavalo
espant,espantoso,espantar
destac,destacar
roup,roupas,roupa
sej,sejam,sejas,sejamos,seja
atir,atire,atira,atirador,atirou,atirar,atirem
prédi,prédio
posiçõ,posições
divert,divertida,divertir,diverte,divertido
mir,mira
roub,roubo,roubou,roubei,roubaste,roubaram,roubar,roubado
viss,visse
aparec,aparece,aparecer,apareceu
combat,combate,combater
petrol,petroleo
regr,regra,regras
visa,visao
montanh,montanhas,montanha
class,classe
campea,campeao
quatr,quatro
esquec,esqueca,esqueceste,esqueças,esquece,esqueci,esquecas,esquecam,esquecer,esqueceu,esqueça,esqueçam,esquecido
deit,deitar,deita,deitado
pelotã,pelotão
champanh,champanhe
esquem,esquema
mur,muro
dent,dente,dentes
surpreend,surpreendido,surpreender
capita,capitao
absurd,absurdo
determin,determinar
brev,breve
esfreg,esfregar
indi,indios,india
fact,facto,factos
son,sono
impression,impressionante,impressionado,impressionar
encontr,encontre,encontramos,encontra,encontro,encontrem,encontrado,encontrar,encontraste,encontram,encontrámos,encontrá,encontros,encontrou,encontraram,encontrei,encontrarmos
passageir,passageiros
formaçã,formação
sessã,sessão
brinc,brincar,brincando
impressa,impressao
principal,principalmente
noiv,noiva,noivo
rasg,rasgar
noit,noites,noite
jaz,jazer
iri,iria,iriam
dispers,dispersar
prolong,prolongar
envi,enviou,enviar,envia,enviado
jam,james,jamais
psiquiatr,psiquiatra
moed,moeda,moedas
demoni,demonios,demonio
sairm,sairmos
explicaca,explicacao
autor,autoridade,autoridades
túmul,túmulo
descriçã,descrição
aceit,aceite,aceito,aceitar,aceitou,aceita
viem,viemos
médi,médio
grat,gratis
grav,gravar,gravida,grave
desabaf,desabafar
Jam,James
nervos,nervoso,nervosa
integr,integrar
niss,nisso
rein,reino,reinar
grac,graca,graça,grace,gracas,graças
nist,nisto
naçã,nação
conform,conformar
solteir,solteiro
médic,médica,médico,médicos
cemiteri,cemiterio
classific,classificar
detetiv,detetive
confort,confortável
dinheir,dinheiro
coraçõ,corações
provavel,provavelmente
olhadel,olhadela
tenh,tenhas,tenha,tenham,tenho,tenhamos
lut,luta,lutar
luv,luvas
reform,reformar
lux,luxo
reforc,reforços,reforçar,reforcos,reforcar
luz,luzes
tend,tender,tendo
pesquis,pesquisar,pesquisa
luc,lucas
bilhet,bilhete,bilhetes
lug,lugar,lugares
progress,progresso
possu,possuir
reprim,reprimir
tent,tentamos,tentar,tentou,tentaram,tente,tentei,tentado,tenta,tentaste,tento,tentando
géni,génio
exam,exame,exames
jov,jovem
mago,magoar
jog,jogar,joga,jogo,jogada,jogos
disput,disputar
exclam,exclamar
edifíci,edifício
janel,janela,janelas
jon,jones
destruiçã,destruição
maggi,maggie
englob,englobar
orga,orgaos
admit,admitir,admito
induz,induzir
admir,admirar,admira
comemor,comemorar
passag,passagem
expand,expandir
articul,articular
galinh,galinha
compromet,comprometer
repit,repito
almir,almirante
doming,domingo
walk,walker
vend,vende,vender,venda,vendeu,vendo
síti,sítios,sítio
venc,vencer
cocaín,cocaína
venh,venho,venhas,venham,venha
propriedad,propriedade
orig,origem
desconhec,desconhecido,desconhecer
cienc,ciencia
quis,quiserem,quisesse,quiseste,quiser,quiseres
entend,entendido,entendo,entendi,entende,entendeu,entendes,entender
decent,decente
apetec,apetecer,apetece
méd,média
cent,cento,centimos
heroín,heroína
willi,willie
literal,literalmente
conhec,conhece,conhecia,conheces,conhecer,conhecido,conheceu,conhecemos,conheço,conheca,conheco,conheça,conheceste,conhecimento,conhecem,conheci,conhecida
electr,electricidade
quil,quilos
duvid,duvidar
áfric,áfrica
presenc,presenca,presença
silênci,silêncio
sorris,sorriso
negóci,negócios,negócio
entant,entanto
ador,adoraria,adorar,adora,adoram,adoro,adorei,adorava,adorável
biscoit,biscoitos
present,presentes,presente
questa,questao
replic,replicar
cumpr,cumprir
envelhec,envelhecer
passar,passaros,passaro
modific,modificar
defin,definir
suport,suportar
escol,escola,escolas
observ,observar
siti,sitio,sitios
divulg,divulgar
sabedor,sabedoria
cã,cão,cães
opco,opcoes
engan,enganado,engano,enganar,enganou
atravess,atravessar
motiv,motivos,motivo,motivar
assassinat,assassinato
virg,virgem
conselh,conselhos,conselho
vári,vários
situ,situar
ilustr,ilustrar
estrag,estragar
estrad,estrada,estradas
refeiçã,refeição
cinc,cinco
cinz,cinzas
vár,várias
audiênc,audiência
cint,cinto
dan,danos,dana
sopr,soprar
violaca,violacao
interrog,interrogar
logic,logica
criaca,criacao
profission,profissionais
sofriment,sofrimento
pedac,pedaco,pedaços,pedaço,pedacos
conden,condenado,condenar
comparec,comparecer
absorv,absorver
peix,peixes,peixe
actualiz,actualizar
ferrament,ferramentas
quã,quão
miúd,miúda,miúdas,miúdos,miúdo
acompanh,acompanhar
centen,centenas
maquin,maquina,maquinas
lest,leste
distanc,distancia
paus,pausa
madam,madame
aban,abanar
abal,abalar
clinic,clinica
distant,distante
missã,missão
abat,abater
conferent,conferência
empenh,empenhar
reunia,reuniao
rapid,rapidamente
reunio,reunioes
exempl,exemplo
cultur,cultura
vidr,vidro
princípi,princípio
disponibiliz,disponibilizar
adi,adiar
consciênc,consciência
dest,desta,destas,deste,destes
munico,municoes
ampli,ampliar
pacot,pacote
dess,desse,desses,dessas,dessa
cruz,cruzar
realiz,realizar
press,pressa
possivel,possivelmente
recurs,recursos
sacud,sacudir
desc,descer,desce
crist,cristo
execuca,execucao
resid,residir
vontad,vontade
pagu,paguei
seguint,seguinte
necessari,necessario
comunicaca,comunicacao
revisã,revisão
sofr,sofrer,sofreu
pormenor,pormenores
italian,italiano
vergonh,vergonha
alivi,aliviar
pessoal,pessoalmente
captur,capturar
oliv,oliver
assinal,assinalar
export,exportar
anunci,anuncio
operaco,operacoes
contig,contigo
assassini,assassinio
banheir,banheira,banheiro
inocent,inocente,inocentes
transport,transporte,transportar
reuniã,reunião
feder,federais
armari,armario
assust,assustado,assustador,assustar,assusta,assustada
estiv,estivessem,estiveram,estivesse,estiveste,estiverem,estivemos,estiveres,estiver,estive,estivesses
tubara,tubarao
ilumin,iluminar
estim,estimar
reuniõ,reuniões
investig,investigar,investigação
usam,usamos
realment,realmente
escritori,escritorio
usad,usado,usada
refugi,refugiar
fornec,fornecer
tesour,tesouro
usav,usava
simples,simplesmente
dum,duma
substantiv,substantivar
cheir,cheiro,cheirar,cheira
justic,justiça,justica
ladro,ladroes
lembr,lembrar,lembras,lembram,lembro,lembra,lembrem,lembre,lembrei
fals,falsa,falso
tomb,tombar
convit,convite
sistem,sistemas,sistema
autoriz,autorizar,autorização
tortur,tortura,torturar
inimig,inimigos,inimigo
galáx,galáxia
hipotes,hipotese,hipoteses
guard,guardas,guardar,guarda
primav,primavera
desped,despedir,despedida,despedido
cavaleir,cavaleiro,cavaleiros
cadel,cadela
merc,mercado
merd,merda,merdas
ver,vera,verá,veremos
afund,afundar
rejeit,rejeitar
adolescent,adolescente
vam,vamos,vamo
transfer,transferir
paláci,palácio
vag,vagar,vaga
vaz,vazia
ouc,ouca,ouço,oucam,ouco,ouçam,ouça
ócul,óculos
var,varias
organizaca,organizacao
faculdad,faculdade
derram,derramar
branc,brancos,branca,branco
géner,género
partilh,partilhar
administraca,administracao
culmin,culminar
escal,escalar,escala
princes,princesa
temp,tempo,tempos
recorr,recorrer
record,recordo,recordar,recorde
limit,limite,limitar,limites
problem,problemas,problema
explosa,explosao
colegi,colegio
durm,durmo
pil,pila
colun,coluna
louc,louca,loucos,louco
pic,picar
telefonem,telefonema
surpres,surpresa
permissã,permissão
circul,circulo,circular
apresentaca,apresentacao
pis,piso,pisar
tecnolog,tecnologia
aplic,aplicar
contest,contestar
chocolat,chocolate
ingles,ingleses
queir,queiras,queira
futur,futuro
ladrõ,ladrões
permanec,permanecer
carteir,carteira
junh,junho
camar,camarada
comunic,comunicações,comunicação,comunicar
operaca,operacao
químic,química
reduz,reduzir
negoci,negocio,negocios
junt,juntas,juntos,juntar,junta,junto
experienc,experiencia,experiencias
paciênc,paciência
podi,podiamos
agarr,agarra,agarrar
armaz,armazem
queij,queijo
queim,queimar
secretári,secretário
emerg,emergir
inser,inserir
experient,experiência,experiências
queix,queixar,queixa
bagag,bagagem
defend,defender
sincer,sincero,sinceramente
gaj,gajo,gajos,gaja
